FIPS,geo_id,county_name,state_name,med_re_ taxes_tot
01001,0500000US01001,Autauga County, Alabama,531
01003,0500000US01003,Baldwin County, Alabama,796
01005,0500000US01005,Barbour County, Alabama,398
01007,0500000US01007,Bibb County, Alabama,286
01009,0500000US01009,Blount County, Alabama,464
01011,0500000US01011,Bullock County, Alabama,394
01013,0500000US01013,Butler County, Alabama,315
01015,0500000US01015,Calhoun County, Alabama,592
01017,0500000US01017,Chambers County, Alabama,439
01019,0500000US01019,Cherokee County, Alabama,599
01021,0500000US01021,Chilton County, Alabama,458
01023,0500000US01023,Choctaw County, Alabama,222
01025,0500000US01025,Clarke County, Alabama,382
01027,0500000US01027,Clay County, Alabama,343
01029,0500000US01029,Cleburne County, Alabama,399
01031,0500000US01031,Coffee County, Alabama,575
01033,0500000US01033,Colbert County, Alabama,582
01035,0500000US01035,Conecuh County, Alabama,293
01037,0500000US01037,Coosa County, Alabama,278
01039,0500000US01039,Covington County, Alabama,329
01041,0500000US01041,Crenshaw County, Alabama,331
01043,0500000US01043,Cullman County, Alabama,414
01045,0500000US01045,Dale County, Alabama,408
01047,0500000US01047,Dallas County, Alabama,384
01049,0500000US01049,DeKalb County, Alabama,444
01051,0500000US01051,Elmore County, Alabama,535
01053,0500000US01053,Escambia County, Alabama,460
01055,0500000US01055,Etowah County, Alabama,551
01057,0500000US01057,Fayette County, Alabama,322
01059,0500000US01059,Franklin County, Alabama,396
01061,0500000US01061,Geneva County, Alabama,366
01063,0500000US01063,Greene County, Alabama,297
01065,0500000US01065,Hale County, Alabama,353
01067,0500000US01067,Henry County, Alabama,466
01069,0500000US01069,Houston County, Alabama,512
01071,0500000US01071,Jackson County, Alabama,441
01073,0500000US01073,Jefferson County, Alabama,1282
01075,0500000US01075,Lamar County, Alabama,256
01077,0500000US01077,Lauderdale County, Alabama,692
01079,0500000US01079,Lawrence County, Alabama,442
01081,0500000US01081,Lee County, Alabama,1106
01083,0500000US01083,Limestone County, Alabama,734
01085,0500000US01085,Lowndes County, Alabama,294
01087,0500000US01087,Macon County, Alabama,430
01089,0500000US01089,Madison County, Alabama,990
01091,0500000US01091,Marengo County, Alabama,398
01093,0500000US01093,Marion County, Alabama,303
01095,0500000US01095,Marshall County, Alabama,656
01097,0500000US01097,Mobile County, Alabama,831
01099,0500000US01099,Monroe County, Alabama,344
01101,0500000US01101,Montgomery County, Alabama,570
01103,0500000US01103,Morgan County, Alabama,633
01105,0500000US01105,Perry County, Alabama,267
01107,0500000US01107,Pickens County, Alabama,372
01109,0500000US01109,Pike County, Alabama,422
01111,0500000US01111,Randolph County, Alabama,428
01113,0500000US01113,Russell County, Alabama,619
01115,0500000US01115,St. Clair County, Alabama,603
01117,0500000US01117,Shelby County, Alabama,1279
01119,0500000US01119,Sumter County, Alabama,275
01121,0500000US01121,Talladega County, Alabama,504
01123,0500000US01123,Tallapoosa County, Alabama,435
01125,0500000US01125,Tuscaloosa County, Alabama,722
01127,0500000US01127,Walker County, Alabama,333
01129,0500000US01129,Washington County, Alabama,329
01131,0500000US01131,Wilcox County, Alabama,267
01133,0500000US01133,Winston County, Alabama,352
08001,0500000US08001,Adams County, Colorado,2581
08003,0500000US08003,Alamosa County, Colorado,944
08005,0500000US08005,Arapahoe County, Colorado,2623
08007,0500000US08007,Archuleta County, Colorado,1454
08009,0500000US08009,Baca County, Colorado,514
08011,0500000US08011,Bent County, Colorado,520
08013,0500000US08013,Boulder County, Colorado,3559
08014,0500000US08014,Broomfield County, Colorado,3602
08015,0500000US08015,Chaffee County, Colorado,1580
08017,0500000US08017,Cheyenne County, Colorado,743
08019,0500000US08019,Clear Creek County, Colorado,1952
08021,0500000US08021,Conejos County, Colorado,645
08023,0500000US08023,Costilla County, Colorado,501
08025,0500000US08025,Crowley County, Colorado,484
08027,0500000US08027,Custer County, Colorado,1196
08029,0500000US08029,Delta County, Colorado,923
08031,0500000US08031,Denver County, Colorado,2447
08033,0500000US08033,Dolores County, Colorado,466
08035,0500000US08035,Douglas County, Colorado,3490
08037,0500000US08037,Eagle County, Colorado,2908
08039,0500000US08039,Elbert County, Colorado,2769
08041,0500000US08041,El Paso County, Colorado,1629
08043,0500000US08043,Fremont County, Colorado,984
08045,0500000US08045,Garfield County, Colorado,1961
08047,0500000US08047,Gilpin County, Colorado,1238
08049,0500000US08049,Grand County, Colorado,1623
08051,0500000US08051,Gunnison County, Colorado,1639
08053,0500000US08053,Hinsdale County, Colorado,1268
08055,0500000US08055,Huerfano County, Colorado,677
08057,0500000US08057,Jackson County, Colorado,477
08059,0500000US08059,Jefferson County, Colorado,2708
08061,0500000US08061,Kiowa County, Colorado,821
08063,0500000US08063,Kit Carson County, Colorado,978
08065,0500000US08065,Lake County, Colorado,1550
08067,0500000US08067,La Plata County, Colorado,1362
08069,0500000US08069,Larimer County, Colorado,2527
08071,0500000US08071,Las Animas County, Colorado,510
08073,0500000US08073,Lincoln County, Colorado,768
08075,0500000US08075,Logan County, Colorado,989
08077,0500000US08077,Mesa County, Colorado,1262
08079,0500000US08079,Mineral County, Colorado,1443
08081,0500000US08081,Moffat County, Colorado,1069
08083,0500000US08083,Montezuma County, Colorado,932
08085,0500000US08085,Montrose County, Colorado,1189
08087,0500000US08087,Morgan County, Colorado,1425
08089,0500000US08089,Otero County, Colorado,491
08091,0500000US08091,Ouray County, Colorado,1586
08093,0500000US08093,Park County, Colorado,1558
08095,0500000US08095,Phillips County, Colorado,1259
08097,0500000US08097,Pitkin County, Colorado,4030
08099,0500000US08099,Prowers County, Colorado,435
08101,0500000US08101,Pueblo County, Colorado,1284
08103,0500000US08103,Rio Blanco County, Colorado,810
08105,0500000US08105,Rio Grande County, Colorado,830
08107,0500000US08107,Routt County, Colorado,2292
08109,0500000US08109,Saguache County, Colorado,733
08111,0500000US08111,San Juan County, Colorado,800
08113,0500000US08113,San Miguel County, Colorado,1410
08115,0500000US08115,Sedgwick County, Colorado,591
08117,0500000US08117,Summit County, Colorado,2395
08119,0500000US08119,Teller County, Colorado,1467
08121,0500000US08121,Washington County, Colorado,924
08123,0500000US08123,Weld County, Colorado,1995
08125,0500000US08125,Yuma County, Colorado,956
27001,0500000US27001,Aitkin County, Minnesota,1287
27003,0500000US27003,Anoka County, Minnesota,2937
27005,0500000US27005,Becker County, Minnesota,1851
27007,0500000US27007,Beltrami County, Minnesota,2091
27009,0500000US27009,Benton County, Minnesota,2446
27011,0500000US27011,Big Stone County, Minnesota,1006
27013,0500000US27013,Blue Earth County, Minnesota,2366
27015,0500000US27015,Brown County, Minnesota,1791
27017,0500000US27017,Carlton County, Minnesota,2595
27019,0500000US27019,Carver County, Minnesota,4170
27021,0500000US27021,Cass County, Minnesota,1444
27023,0500000US27023,Chippewa County, Minnesota,1403
27025,0500000US27025,Chisago County, Minnesota,3482
27027,0500000US27027,Clay County, Minnesota,2720
27029,0500000US27029,Clearwater County, Minnesota,1269
27031,0500000US27031,Cook County, Minnesota,2355
27033,0500000US27033,Cottonwood County, Minnesota,1586
27035,0500000US27035,Crow Wing County, Minnesota,1921
27037,0500000US27037,Dakota County, Minnesota,3439
27039,0500000US27039,Dodge County, Minnesota,2705
27041,0500000US27041,Douglas County, Minnesota,2380
27043,0500000US27043,Faribault County, Minnesota,1181
27045,0500000US27045,Fillmore County, Minnesota,1813
27047,0500000US27047,Freeborn County, Minnesota,1649
27049,0500000US27049,Goodhue County, Minnesota,2728
27051,0500000US27051,Grant County, Minnesota,1587
27053,0500000US27053,Hennepin County, Minnesota,4142
27055,0500000US27055,Houston County, Minnesota,2486
27057,0500000US27057,Hubbard County, Minnesota,1962
27059,0500000US27059,Isanti County, Minnesota,2806
27061,0500000US27061,Itasca County, Minnesota,1692
27063,0500000US27063,Jackson County, Minnesota,1289
27065,0500000US27065,Kanabec County, Minnesota,2296
27067,0500000US27067,Kandiyohi County, Minnesota,2120
27069,0500000US27069,Kittson County, Minnesota,1158
27071,0500000US27071,Koochiching County, Minnesota,1004
27073,0500000US27073,Lac qui Parle County, Minnesota,1241
27075,0500000US27075,Lake County, Minnesota,1590
27077,0500000US27077,Lake of the Woods County, Minnesota,1399
27079,0500000US27079,Le Sueur County, Minnesota,2876
27081,0500000US27081,Lincoln County, Minnesota,1431
27083,0500000US27083,Lyon County, Minnesota,1806
27085,0500000US27085,McLeod County, Minnesota,2551
27087,0500000US27087,Mahnomen County, Minnesota,1396
27089,0500000US27089,Marshall County, Minnesota,1205
27091,0500000US27091,Martin County, Minnesota,1423
27093,0500000US27093,Meeker County, Minnesota,1994
27095,0500000US27095,Mille Lacs County, Minnesota,2340
27097,0500000US27097,Morrison County, Minnesota,1983
27099,0500000US27099,Mower County, Minnesota,1634
27101,0500000US27101,Murray County, Minnesota,1232
27103,0500000US27103,Nicollet County, Minnesota,2706
27105,0500000US27105,Nobles County, Minnesota,1589
27107,0500000US27107,Norman County, Minnesota,1309
27109,0500000US27109,Olmsted County, Minnesota,3110
27111,0500000US27111,Otter Tail County, Minnesota,1875
27113,0500000US27113,Pennington County, Minnesota,2166
27115,0500000US27115,Pine County, Minnesota,1878
27117,0500000US27117,Pipestone County, Minnesota,1110
27119,0500000US27119,Polk County, Minnesota,1967
27121,0500000US27121,Pope County, Minnesota,1830
27123,0500000US27123,Ramsey County, Minnesota,3578
27125,0500000US27125,Red Lake County, Minnesota,1413
27127,0500000US27127,Redwood County, Minnesota,1351
27129,0500000US27129,Renville County, Minnesota,1402
27131,0500000US27131,Rice County, Minnesota,2770
27133,0500000US27133,Rock County, Minnesota,1329
27135,0500000US27135,Roseau County, Minnesota,1640
27137,0500000US27137,St. Louis County, Minnesota,1982
27139,0500000US27139,Scott County, Minnesota,4039
27141,0500000US27141,Sherburne County, Minnesota,3161
27143,0500000US27143,Sibley County, Minnesota,2195
27145,0500000US27145,Stearns County, Minnesota,2470
27147,0500000US27147,Steele County, Minnesota,2685
27149,0500000US27149,Stevens County, Minnesota,1491
27151,0500000US27151,Swift County, Minnesota,1169
27153,0500000US27153,Todd County, Minnesota,1743
27155,0500000US27155,Traverse County, Minnesota,959
27157,0500000US27157,Wabasha County, Minnesota,2502
27159,0500000US27159,Wadena County, Minnesota,1710
27161,0500000US27161,Waseca County, Minnesota,2350
27163,0500000US27163,Washington County, Minnesota,3811
27165,0500000US27165,Watonwan County, Minnesota,1348
27167,0500000US27167,Wilkin County, Minnesota,1290
27169,0500000US27169,Winona County, Minnesota,1929
27171,0500000US27171,Wright County, Minnesota,3145
27173,0500000US27173,Yellow Medicine County, Minnesota,1480
36001,0500000US36001,Albany County, New York,5114
36003,0500000US36003,Allegany County, New York,2814
36005,0500000US36005,Bronx County, New York,4984
36007,0500000US36007,Broome County, New York,3698
36009,0500000US36009,Cattaraugus County, New York,2902
36011,0500000US36011,Cayuga County, New York,3727
36013,0500000US36013,Chautauqua County, New York,2784
36015,0500000US36015,Chemung County, New York,3267
36017,0500000US36017,Chenango County, New York,2966
36019,0500000US36019,Clinton County, New York,3351
36021,0500000US36021,Columbia County, New York,4854
36023,0500000US36023,Cortland County, New York,4035
36025,0500000US36025,Delaware County, New York,2938
36027,0500000US36027,Dutchess County, New York,7135
36029,0500000US36029,Erie County, New York,4392
36031,0500000US36031,Essex County, New York,3285
36033,0500000US36033,Franklin County, New York,2370
36035,0500000US36035,Fulton County, New York,3217
36037,0500000US36037,Genesee County, New York,3798
36039,0500000US36039,Greene County, New York,4048
36041,0500000US36041,Hamilton County, New York,2197
36043,0500000US36043,Herkimer County, New York,3023
36045,0500000US36045,Jefferson County, New York,2778
36047,0500000US36047,Kings County, New York,5881
36049,0500000US36049,Lewis County, New York,2602
36051,0500000US36051,Livingston County, New York,4050
36053,0500000US36053,Madison County, New York,3886
36055,0500000US36055,Monroe County, New York,5306
36057,0500000US36057,Montgomery County, New York,3488
36059,0500000US36059,Nassau County, New York,"10,000+"
36061,0500000US36061,New York County, New York,"10,000+"
36063,0500000US36063,Niagara County, New York,3958
36065,0500000US36065,Oneida County, New York,3565
36067,0500000US36067,Onondaga County, New York,4646
36069,0500000US36069,Ontario County, New York,4364
36071,0500000US36071,Orange County, New York,8310
36073,0500000US36073,Orleans County, New York,3765
36075,0500000US36075,Oswego County, New York,3544
36077,0500000US36077,Otsego County, New York,2930
36079,0500000US36079,Putnam County, New York,"10,000+"
36081,0500000US36081,Queens County, New York,5887
36083,0500000US36083,Rensselaer County, New York,5235
36085,0500000US36085,Richmond County, New York,5844
36087,0500000US36087,Rockland County, New York,"10,000+"
36089,0500000US36089,St. Lawrence County, New York,2644
36091,0500000US36091,Saratoga County, New York,4692
36093,0500000US36093,Schenectady County, New York,5241
36095,0500000US36095,Schoharie County, New York,3931
36097,0500000US36097,Schuyler County, New York,3246
36099,0500000US36099,Seneca County, New York,3120
36101,0500000US36101,Steuben County, New York,3100
36103,0500000US36103,Suffolk County, New York,"10,000+"
36105,0500000US36105,Sullivan County, New York,4954
36107,0500000US36107,Tioga County, New York,3590
36109,0500000US36109,Tompkins County, New York,6229
36111,0500000US36111,Ulster County, New York,6114
36113,0500000US36113,Warren County, New York,3731
36115,0500000US36115,Washington County, New York,3832
36117,0500000US36117,Wayne County, New York,3999
36119,0500000US36119,Westchester County, New York,"10,000+"
36121,0500000US36121,Wyoming County, New York,3464
36123,0500000US36123,Yates County, New York,3115
37001,0500000US37001,Alamance County, North Carolina,1385
37003,0500000US37003,Alexander County, North Carolina,1165
37005,0500000US37005,Alleghany County, North Carolina,1097
37007,0500000US37007,Anson County, North Carolina,1042
37009,0500000US37009,Ashe County, North Carolina,1116
37011,0500000US37011,Avery County, North Carolina,911
37013,0500000US37013,Beaufort County, North Carolina,1217
37015,0500000US37015,Bertie County, North Carolina,772
37017,0500000US37017,Bladen County, North Carolina,1056
37019,0500000US37019,Brunswick County, North Carolina,1659
37021,0500000US37021,Buncombe County, North Carolina,2012
37023,0500000US37023,Burke County, North Carolina,1120
37025,0500000US37025,Cabarrus County, North Carolina,2291
37027,0500000US37027,Caldwell County, North Carolina,1067
37029,0500000US37029,Camden County, North Carolina,1689
37031,0500000US37031,Carteret County, North Carolina,1324
37033,0500000US37033,Caswell County, North Carolina,957
37035,0500000US37035,Catawba County, North Carolina,1277
37037,0500000US37037,Chatham County, North Carolina,2578
37039,0500000US37039,Cherokee County, North Carolina,1002
37041,0500000US37041,Chowan County, North Carolina,1272
37043,0500000US37043,Clay County, North Carolina,1104
37045,0500000US37045,Cleveland County, North Carolina,1144
37047,0500000US37047,Columbus County, North Carolina,1133
37049,0500000US37049,Craven County, North Carolina,1351
37051,0500000US37051,Cumberland County, North Carolina,1767
37053,0500000US37053,Currituck County, North Carolina,1480
37055,0500000US37055,Dare County, North Carolina,2128
37057,0500000US37057,Davidson County, North Carolina,1219
37059,0500000US37059,Davie County, North Carolina,1525
37061,0500000US37061,Duplin County, North Carolina,822
37063,0500000US37063,Durham County, North Carolina,2891
37065,0500000US37065,Edgecombe County, North Carolina,1244
37067,0500000US37067,Forsyth County, North Carolina,1841
37069,0500000US37069,Franklin County, North Carolina,1635
37071,0500000US37071,Gaston County, North Carolina,1766
37073,0500000US37073,Gates County, North Carolina,1162
37075,0500000US37075,Graham County, North Carolina,850
37077,0500000US37077,Granville County, North Carolina,1648
37079,0500000US37079,Greene County, North Carolina,962
37081,0500000US37081,Guilford County, North Carolina,1982
37083,0500000US37083,Halifax County, North Carolina,1129
37085,0500000US37085,Harnett County, North Carolina,1556
37087,0500000US37087,Haywood County, North Carolina,1476
37089,0500000US37089,Henderson County, North Carolina,1534
37091,0500000US37091,Hertford County, North Carolina,1052
37093,0500000US37093,Hoke County, North Carolina,1300
37095,0500000US37095,Hyde County, North Carolina,717
37097,0500000US37097,Iredell County, North Carolina,1759
37099,0500000US37099,Jackson County, North Carolina,896
37101,0500000US37101,Johnston County, North Carolina,1754
37103,0500000US37103,Jones County, North Carolina,919
37105,0500000US37105,Lee County, North Carolina,1637
37107,0500000US37107,Lenoir County, North Carolina,976
37109,0500000US37109,Lincoln County, North Carolina,1472
37111,0500000US37111,McDowell County, North Carolina,811
37113,0500000US37113,Macon County, North Carolina,932
37115,0500000US37115,Madison County, North Carolina,1283
37117,0500000US37117,Martin County, North Carolina,1136
37119,0500000US37119,Mecklenburg County, North Carolina,2663
37121,0500000US37121,Mitchell County, North Carolina,993
37123,0500000US37123,Montgomery County, North Carolina,1037
37125,0500000US37125,Moore County, North Carolina,1680
37127,0500000US37127,Nash County, North Carolina,1326
37129,0500000US37129,New Hanover County, North Carolina,1996
37131,0500000US37131,Northampton County, North Carolina,1140
37133,0500000US37133,Onslow County, North Carolina,1331
37135,0500000US37135,Orange County, North Carolina,3944
37137,0500000US37137,Pamlico County, North Carolina,1207
37139,0500000US37139,Pasquotank County, North Carolina,1502
37141,0500000US37141,Pender County, North Carolina,1796
37143,0500000US37143,Perquimans County, North Carolina,1338
37145,0500000US37145,Person County, North Carolina,1217
37147,0500000US37147,Pitt County, North Carolina,1555
37149,0500000US37149,Polk County, North Carolina,1489
37151,0500000US37151,Randolph County, North Carolina,1187
37153,0500000US37153,Richmond County, North Carolina,1095
37155,0500000US37155,Robeson County, North Carolina,814
37157,0500000US37157,Rockingham County, North Carolina,1193
37159,0500000US37159,Rowan County, North Carolina,1331
37161,0500000US37161,Rutherford County, North Carolina,970
37163,0500000US37163,Sampson County, North Carolina,983
37165,0500000US37165,Scotland County, North Carolina,1027
37167,0500000US37167,Stanly County, North Carolina,1329
37169,0500000US37169,Stokes County, North Carolina,1107
37171,0500000US37171,Surry County, North Carolina,1023
37173,0500000US37173,Swain County, North Carolina,848
37175,0500000US37175,Transylvania County, North Carolina,1418
37177,0500000US37177,Tyrrell County, North Carolina,1303
37179,0500000US37179,Union County, North Carolina,2195
37181,0500000US37181,Vance County, North Carolina,1107
37183,0500000US37183,Wake County, North Carolina,2894
37185,0500000US37185,Warren County, North Carolina,1074
37187,0500000US37187,Washington County, North Carolina,1152
37189,0500000US37189,Watauga County, North Carolina,1220
37191,0500000US37191,Wayne County, North Carolina,1155
37193,0500000US37193,Wilkes County, North Carolina,1005
37195,0500000US37195,Wilson County, North Carolina,1413
37197,0500000US37197,Yadkin County, North Carolina,1176
37199,0500000US37199,Yancey County, North Carolina,1107
48001,0500000US48001,Anderson County, Texas,1585
48003,0500000US48003,Andrews County, Texas,2570
48005,0500000US48005,Angelina County, Texas,1748
48007,0500000US48007,Aransas County, Texas,2354
48009,0500000US48009,Archer County, Texas,2237
48011,0500000US48011,Armstrong County, Texas,2257
48013,0500000US48013,Atascosa County, Texas,2012
48015,0500000US48015,Austin County, Texas,3212
48017,0500000US48017,Bailey County, Texas,1800
48019,0500000US48019,Bandera County, Texas,2292
48021,0500000US48021,Bastrop County, Texas,3816
48023,0500000US48023,Baylor County, Texas,1456
48025,0500000US48025,Bee County, Texas,1414
48027,0500000US48027,Bell County, Texas,3186
48029,0500000US48029,Bexar County, Texas,4171
48031,0500000US48031,Blanco County, Texas,3377
48033,0500000US48033,Borden County, Texas,583
48035,0500000US48035,Bosque County, Texas,1601
48037,0500000US48037,Bowie County, Texas,2019
48039,0500000US48039,Brazoria County, Texas,4532
48041,0500000US48041,Brazos County, Texas,4463
48043,0500000US48043,Brewster County, Texas,2468
48045,0500000US48045,Briscoe County, Texas,826
48047,0500000US48047,Brooks County, Texas,780
48049,0500000US48049,Brown County, Texas,1666
48051,0500000US48051,Burleson County, Texas,1643
48053,0500000US48053,Burnet County, Texas,3248
48055,0500000US48055,Caldwell County, Texas,2804
48057,0500000US48057,Calhoun County, Texas,1650
48059,0500000US48059,Callahan County, Texas,1429
48061,0500000US48061,Cameron County, Texas,1848
48063,0500000US48063,Camp County, Texas,1788
48065,0500000US48065,Carson County, Texas,1807
48067,0500000US48067,Cass County, Texas,1327
48069,0500000US48069,Castro County, Texas,1191
48071,0500000US48071,Chambers County, Texas,3030
48073,0500000US48073,Cherokee County, Texas,1750
48075,0500000US48075,Childress County, Texas,1941
48077,0500000US48077,Clay County, Texas,1994
48079,0500000US48079,Cochran County, Texas,696
48081,0500000US48081,Coke County, Texas,1312
48083,0500000US48083,Coleman County, Texas,1262
48085,0500000US48085,Collin County, Texas,7202
48087,0500000US48087,Collingsworth County, Texas,1218
48089,0500000US48089,Colorado County, Texas,2174
48091,0500000US48091,Comal County, Texas,4606
48093,0500000US48093,Comanche County, Texas,2008
48095,0500000US48095,Concho County, Texas,1292
48097,0500000US48097,Cooke County, Texas,2647
48099,0500000US48099,Coryell County, Texas,2361
48101,0500000US48101,Cottle County, Texas,682
48103,0500000US48103,Crane County, Texas,1637
48105,0500000US48105,Crockett County, Texas,798
48107,0500000US48107,Crosby County, Texas,1307
48109,0500000US48109,Culberson County, Texas,714
48111,0500000US48111,Dallam County, Texas,1339
48113,0500000US48113,Dallas County, Texas,4360
48115,0500000US48115,Dawson County, Texas,1438
48117,0500000US48117,Deaf Smith County, Texas,1530
48119,0500000US48119,Delta County, Texas,1427
48121,0500000US48121,Denton County, Texas,6694
48123,0500000US48123,DeWitt County, Texas,1387
48125,0500000US48125,Dickens County, Texas,807
48127,0500000US48127,Dimmit County, Texas,869
48129,0500000US48129,Donley County, Texas,1289
48131,0500000US48131,Duval County, Texas,839
48133,0500000US48133,Eastland County, Texas,1453
48135,0500000US48135,Ector County, Texas,2234
48137,0500000US48137,Edwards County, Texas,965
48139,0500000US48139,Ellis County, Texas,4125
48141,0500000US48141,El Paso County, Texas,3282
48143,0500000US48143,Erath County, Texas,2745
48145,0500000US48145,Falls County, Texas,1333
48147,0500000US48147,Fannin County, Texas,2122
48149,0500000US48149,Fayette County, Texas,2628
48151,0500000US48151,Fisher County, Texas,1309
48153,0500000US48153,Floyd County, Texas,1166
48155,0500000US48155,Foard County, Texas,796
48157,0500000US48157,Fort Bend County, Texas,6787
48159,0500000US48159,Franklin County, Texas,2072
48161,0500000US48161,Freestone County, Texas,1517
48163,0500000US48163,Frio County, Texas,1676
48165,0500000US48165,Gaines County, Texas,2677
48167,0500000US48167,Galveston County, Texas,3992
48169,0500000US48169,Garza County, Texas,1289
48171,0500000US48171,Gillespie County, Texas,4117
48173,0500000US48173,Glasscock County, Texas,1115
48175,0500000US48175,Goliad County, Texas,1677
48177,0500000US48177,Gonzales County, Texas,1977
48179,0500000US48179,Gray County, Texas,1375
48181,0500000US48181,Grayson County, Texas,2617
48183,0500000US48183,Gregg County, Texas,2171
48185,0500000US48185,Grimes County, Texas,2463
48187,0500000US48187,Guadalupe County, Texas,4031
48189,0500000US48189,Hale County, Texas,1398
48191,0500000US48191,Hall County, Texas,979
48193,0500000US48193,Hamilton County, Texas,1893
48195,0500000US48195,Hansford County, Texas,1972
48197,0500000US48197,Hardeman County, Texas,948
48199,0500000US48199,Hardin County, Texas,2007
48201,0500000US48201,Harris County, Texas,4168
48203,0500000US48203,Harrison County, Texas,1769
48205,0500000US48205,Hartley County, Texas,2625
48207,0500000US48207,Haskell County, Texas,865
48209,0500000US48209,Hays County, Texas,6198
48211,0500000US48211,Hemphill County, Texas,2245
48213,0500000US48213,Henderson County, Texas,1725
48215,0500000US48215,Hidalgo County, Texas,2047
48217,0500000US48217,Hill County, Texas,1901
48219,0500000US48219,Hockley County, Texas,1737
48221,0500000US48221,Hood County, Texas,3052
48223,0500000US48223,Hopkins County, Texas,1921
48225,0500000US48225,Houston County, Texas,1344
48227,0500000US48227,Howard County, Texas,1650
48229,0500000US48229,Hudspeth County, Texas,632
48231,0500000US48231,Hunt County, Texas,2570
48233,0500000US48233,Hutchinson County, Texas,1481
48235,0500000US48235,Irion County, Texas,1526
48237,0500000US48237,Jack County, Texas,2104
48239,0500000US48239,Jackson County, Texas,1641
48241,0500000US48241,Jasper County, Texas,1310
48243,0500000US48243,Jeff Davis County, Texas,1295
48245,0500000US48245,Jefferson County, Texas,2379
48247,0500000US48247,Jim Hogg County, Texas,2015
48249,0500000US48249,Jim Wells County, Texas,1082
48251,0500000US48251,Johnson County, Texas,2931
48253,0500000US48253,Jones County, Texas,1317
48255,0500000US48255,Karnes County, Texas,1280
48257,0500000US48257,Kaufman County, Texas,4451
48259,0500000US48259,Kendall County, Texas,5489
48261,0500000US48261,Kenedy County, Texas,-
48263,0500000US48263,Kent County, Texas,825
48265,0500000US48265,Kerr County, Texas,2815
48267,0500000US48267,Kimble County, Texas,2130
48269,0500000US48269,King County, Texas,513
48271,0500000US48271,Kinney County, Texas,1115
48273,0500000US48273,Kleberg County, Texas,2152
48275,0500000US48275,Knox County, Texas,1088
48277,0500000US48277,Lamar County, Texas,1580
48279,0500000US48279,Lamb County, Texas,863
48281,0500000US48281,Lampasas County, Texas,2801
48283,0500000US48283,La Salle County, Texas,762
48285,0500000US48285,Lavaca County, Texas,2041
48287,0500000US48287,Lee County, Texas,2172
48289,0500000US48289,Leon County, Texas,1112
48291,0500000US48291,Liberty County, Texas,1993
48293,0500000US48293,Limestone County, Texas,1749
48295,0500000US48295,Lipscomb County, Texas,1607
48297,0500000US48297,Live Oak County, Texas,1378
48299,0500000US48299,Llano County, Texas,2512
48301,0500000US48301,Loving County, Texas,0
48303,0500000US48303,Lubbock County, Texas,2989
48305,0500000US48305,Lynn County, Texas,1982
48307,0500000US48307,McCulloch County, Texas,1195
48309,0500000US48309,McLennan County, Texas,3062
48311,0500000US48311,McMullen County, Texas,1727
48313,0500000US48313,Madison County, Texas,1582
48315,0500000US48315,Marion County, Texas,777
48317,0500000US48317,Martin County, Texas,1494
48319,0500000US48319,Mason County, Texas,2045
48321,0500000US48321,Matagorda County, Texas,2084
48323,0500000US48323,Maverick County, Texas,1917
48325,0500000US48325,Medina County, Texas,2587
48327,0500000US48327,Menard County, Texas,1454
48329,0500000US48329,Midland County, Texas,3525
48331,0500000US48331,Milam County, Texas,1684
48333,0500000US48333,Mills County, Texas,1627
48335,0500000US48335,Mitchell County, Texas,1506
48337,0500000US48337,Montague County, Texas,1699
48339,0500000US48339,Montgomery County, Texas,5055
48341,0500000US48341,Moore County, Texas,1874
48343,0500000US48343,Morris County, Texas,1265
48345,0500000US48345,Motley County, Texas,763
48347,0500000US48347,Nacogdoches County, Texas,1389
48349,0500000US48349,Navarro County, Texas,1920
48351,0500000US48351,Newton County, Texas,884
48353,0500000US48353,Nolan County, Texas,1426
48355,0500000US48355,Nueces County, Texas,3107
48357,0500000US48357,Ochiltree County, Texas,1660
48359,0500000US48359,Oldham County, Texas,1854
48361,0500000US48361,Orange County, Texas,1866
48363,0500000US48363,Palo Pinto County, Texas,2057
48365,0500000US48365,Panola County, Texas,1324
48367,0500000US48367,Parker County, Texas,4520
48369,0500000US48369,Parmer County, Texas,2021
48371,0500000US48371,Pecos County, Texas,1410
48373,0500000US48373,Polk County, Texas,1499
48375,0500000US48375,Potter County, Texas,1912
48377,0500000US48377,Presidio County, Texas,2058
48379,0500000US48379,Rains County, Texas,1925
48381,0500000US48381,Randall County, Texas,3417
48383,0500000US48383,Reagan County, Texas,1682
48385,0500000US48385,Real County, Texas,1666
48387,0500000US48387,Red River County, Texas,1247
48389,0500000US48389,Reeves County, Texas,1190
48391,0500000US48391,Refugio County, Texas,1310
48393,0500000US48393,Roberts County, Texas,1650
48395,0500000US48395,Robertson County, Texas,1492
48397,0500000US48397,Rockwall County, Texas,6327
48399,0500000US48399,Runnels County, Texas,1421
48401,0500000US48401,Rusk County, Texas,1524
48403,0500000US48403,Sabine County, Texas,1224
48405,0500000US48405,San Augustine County, Texas,629
48407,0500000US48407,San Jacinto County, Texas,1844
48409,0500000US48409,San Patricio County, Texas,2611
48411,0500000US48411,San Saba County, Texas,1526
48413,0500000US48413,Schleicher County, Texas,1183
48415,0500000US48415,Scurry County, Texas,1710
48417,0500000US48417,Shackelford County, Texas,2338
48419,0500000US48419,Shelby County, Texas,1046
48421,0500000US48421,Sherman County, Texas,2133
48423,0500000US48423,Smith County, Texas,2646
48425,0500000US48425,Somervell County, Texas,2505
48427,0500000US48427,Starr County, Texas,1033
48429,0500000US48429,Stephens County, Texas,1644
48431,0500000US48431,Sterling County, Texas,1577
48433,0500000US48433,Stonewall County, Texas,741
48435,0500000US48435,Sutton County, Texas,1892
48437,0500000US48437,Swisher County, Texas,1361
48439,0500000US48439,Tarrant County, Texas,4911
48441,0500000US48441,Taylor County, Texas,2558
48443,0500000US48443,Terrell County, Texas,1291
48445,0500000US48445,Terry County, Texas,1368
48447,0500000US48447,Throckmorton County, Texas,878
48449,0500000US48449,Titus County, Texas,1762
48451,0500000US48451,Tom Green County, Texas,2510
48453,0500000US48453,Travis County, Texas,7160
48455,0500000US48455,Trinity County, Texas,1206
48457,0500000US48457,Tyler County, Texas,1247
48459,0500000US48459,Upshur County, Texas,2018
48461,0500000US48461,Upton County, Texas,1075
48463,0500000US48463,Uvalde County, Texas,1872
48465,0500000US48465,Val Verde County, Texas,2087
48467,0500000US48467,Van Zandt County, Texas,2127
48469,0500000US48469,Victoria County, Texas,2930
48471,0500000US48471,Walker County, Texas,2200
48473,0500000US48473,Waller County, Texas,4006
48475,0500000US48475,Ward County, Texas,562
48477,0500000US48477,Washington County, Texas,3007
48479,0500000US48479,Webb County, Texas,3216
48481,0500000US48481,Wharton County, Texas,2579
48483,0500000US48483,Wheeler County, Texas,1450
48485,0500000US48485,Wichita County, Texas,2358
48487,0500000US48487,Wilbarger County, Texas,1383
48489,0500000US48489,Willacy County, Texas,1161
48491,0500000US48491,Williamson County, Texas,6790
48493,0500000US48493,Wilson County, Texas,3468
48495,0500000US48495,Winkler County, Texas,1115
48497,0500000US48497,Wise County, Texas,3058
48499,0500000US48499,Wood County, Texas,1761
48501,0500000US48501,Yoakum County, Texas,1742
48503,0500000US48503,Young County, Texas,2042
48505,0500000US48505,Zapata County, Texas,858
48507,0500000US48507,Zavala County, Texas,1103
53001,0500000US53001,Adams County, Washington,1953
53003,0500000US53003,Asotin County, Washington,2195
53005,0500000US53005,Benton County, Washington,2779
53007,0500000US53007,Chelan County, Washington,3082
53009,0500000US53009,Clallam County, Washington,2684
53011,0500000US53011,Clark County, Washington,3910
53013,0500000US53013,Columbia County, Washington,2058
53015,0500000US53015,Cowlitz County, Washington,2821
53017,0500000US53017,Douglas County, Washington,2967
53019,0500000US53019,Ferry County, Washington,1703
53021,0500000US53021,Franklin County, Washington,2558
53023,0500000US53023,Garfield County, Washington,1344
53025,0500000US53025,Grant County, Washington,2194
53027,0500000US53027,Grays Harbor County, Washington,2241
53029,0500000US53029,Island County, Washington,3556
53031,0500000US53031,Jefferson County, Washington,3419
53033,0500000US53033,King County, Washington,6476
53035,0500000US53035,Kitsap County, Washington,3841
53037,0500000US53037,Kittitas County, Washington,2914
53039,0500000US53039,Klickitat County, Washington,2229
53041,0500000US53041,Lewis County, Washington,2336
53043,0500000US53043,Lincoln County, Washington,1595
53045,0500000US53045,Mason County, Washington,2670
53047,0500000US53047,Okanogan County, Washington,1972
53049,0500000US53049,Pacific County, Washington,2185
53051,0500000US53051,Pend Oreille County, Washington,1901
53053,0500000US53053,Pierce County, Washington,4361
53055,0500000US53055,San Juan County, Washington,3974
53057,0500000US53057,Skagit County, Washington,3821
53059,0500000US53059,Skamania County, Washington,3263
53061,0500000US53061,Snohomish County, Washington,4883
53063,0500000US53063,Spokane County, Washington,2974
53065,0500000US53065,Stevens County, Washington,1921
53067,0500000US53067,Thurston County, Washington,3802
53069,0500000US53069,Wahkiakum County, Washington,1989
53071,0500000US53071,Walla Walla County, Washington,3033
53073,0500000US53073,Whatcom County, Washington,3523
53075,0500000US53075,Whitman County, Washington,2549
53077,0500000US53077,Yakima County, Washington,2144